brewery,name,color,style,alcohol_level,ibu_level,beer_country,beer_description,tag_list,photo,photo_path
NovaBirra,Big Nose,Ambrée,Triple,"9,00%",45,Belgique,"Big Nose est brassée dans le style Triple à partir de malts d’orge Pilsner, Pale Ale et Munich. Cette bière de dégustation est produite avec une quantité généreuse de houblons Nugget et Willamette. Afin d’intensifier les notes aromatiques, la bière est infusée à froid (dry-hopping) avec du houblon alsacien Triskel pendant sa maturation. BIG NOSE se caractérise par une structure gustative complexe dont la puissance et l’équilibre raviront vos sens.","crustacé, poisson gras, volaille, canard, abat, plat épicé, fast-food, charcuterie, pâté, fromage à pâte dure, fromage persillé, caramel, crème fraîche",big-nose.webp,big-nose
Brasserie Dubuisson,Bush Prestige,Ambrée,Belgian Strong Ale,"13,00%",26,Belgique,"La Bush Prestige est, au départ, une Bush Caractère dont la garde traditionnelle en cuves inox a été remplacée par un mûrissement en fûts de chêne pendant une période de 6 mois. 

Lors de la mise en bouteilles, une faible quantité de sucre et de levure sont ajoutés à la bière ,qui, placée en chambre chaude, développe une refermentation en bouteille qui lui confère un trouble naturel ainsi qu’un taux d’alcool particulièrement élevé de 13%.

Le mûrissement à l’ancienne, en fûts de chêne, permet au dégustateur de retrouver des arômes et des tannins introuvables dans les bières depuis des décennies qui raviront les palais les plus exigeants. On y retrouve des arômes proches des whiskies, des eaux de vie mûries en fûts de chêne mais dans un ensemble d’une rondeur exceptionnelle.

Le goût puissant, les arômes riches, la bouteille exclusive ainsi qu’une distribution limitée font de la Bush Prestige une bière d’exception.","crustacé, poisson gras, volaille, canard, abat, plat épicé, fast-food, charcuterie, pâté, fromage à pâte dure, fromage persillé, caramel, crème fraîche",bush-prestige.webp,bush-prestige
Abbaye de Scourmont - Chimay,Chimay Rouge,Ambrée,Double,"7,00%",21,Belgique,"Sa belle couleur brune est riche en nuances allant du cuivre chaud au rubis profond. Associant, de manière sublime, de généreuses saveurs fruitées et du caramel sucré, elle ravit tous les palais. La succession de fruits mûrs, tels que l'orange, la pêche et l'abricot, se marie de façon exquise aux saveurs sucrées de malt, comme le nougat et le biscuit. Une minéralité rafraîchissante et une belle amertume complètent la palette gustative. La longue bouche permet de savourer longtemps cette magnifique alliance d'arômes et de saveurs et fait aspirer à la gorgée suivante.","crustacé, poisson gras, volaille, canard, abat, plat épicé, fast-food, charcuterie, pâté, fromage à pâte dure, fromage persillé, caramel, crème fraîche",chimay-rouge.webp,chimay-rouge
Brussels Beer Project,Devil Drop,Ambrée,Isotonic Cold IPA,"5,50%",50,Belgique,"La ville est notre terrain de jeu ! La Devil Drop est notre collaboration avec Urban Session, mais elle est aussi une figure de parkour ! Dankness, mandarine et zeste d'agrumes, mais aussi notes herbacées de menthe, d'épices, de pin et une touche de sel. Il est maintenant de sortir retourner la ville !","crustacé, poisson gras, volaille, canard, abat, plat épicé, fast-food, charcuterie, pâté, fromage à pâte dure, fromage persillé, caramel, crème fraîche",devil-drop.webp,devil-drop
BRLO,German IPA,Ambrée,IPA,"7,00%",50,Allemagne,"Nez riche, entre ses différents houblons qui offrent melon, fruits exotiques, menthe et pin. En bouche, elle prend d’assaut nos papilles avec ses notes d’agrumes, de caramel, de malt légèrement noisetté. Viennent ensuite des notes épicées et poivrées, qui s’associent avec une amertume montant crescendo. La finale est amère et à nouveau fruitée, avec une saveur de mangue qui persiste.","crustacé, poisson gras, volaille, canard, abat, plat épicé, fast-food, charcuterie, pâté, fromage à pâte dure, fromage persillé, caramel, crème fraîche",german-ipa.webp,german-ipa
NovaBirra,Holy IPA,Ambrée,American IPA,"6,50%",50,Belgique,"Holy IPA est brassée dans le style American IPA à partir de malts Pilsner, Vienna, Cara et Wheat. Cette bière de dégustation est produite avec une quantité généreuse de houblons Chinook et Mosaic. Afin d’intensifier les notes aromatiques, HOLY IPA est infusée à froid (dry-hopping) avec des houblons Chinook et Mosaic. Cette bière d’inspiration américaine exprime un caractère houblonné original avec des notes complexes de fruits tropicaux.","crustacé, poisson gras, volaille, canard, abat, plat épicé, fast-food, charcuterie, pâté, fromage à pâte dure, fromage persillé, caramel, crème fraîche",holy-ipa.webp,holy-ipa
Brussels Beer Project,Delta IPA,Ambrée,Belgian IPA,"6,00%",45,Belgique,"Ce n'est pas une bière belge comme les autres. Ses houblons aromatiques apportent à la Delta IPA des notes de litchi et de fruit de la passion avant de vous surprendre avec une amertume franche et désaltérante. La levure Saison apporte sa touche belge avec une touche épicée et sèche.

La Delta IPA est notre première bière. Lancée en 2013 alors que les IPA étaient encore inconnues en Belgique. Elle est profondément impliquée dans le processus de cocréation, élue par plus de 850 Bruxellois à l'été 2013, contre trois autres prototypes (Alpha, Beta et Gamma). Aujourd'hui, elle reste la star parmi les All-Stars !","crustacé, poisson gras, volaille, canard, abat, plat épicé, fast-food, charcuterie, pâté, fromage à pâte dure, fromage persillé, caramel, crème fraîche",juice-junkie.webp,juice-junkie
Brussels Beer Project,Jungle Joy,Ambrée,Double,"5,90%",20,Belgique,"Jungle Joy, l'écrin exotique de la mangue et du fruit de la passion dans une bière, sans sucre ajouté ni arômes artificiels, rien que du bon ! Cette bière généreuse pour les connaisseurs possède non seulement une fraîcheur fruitée mais aussi une belle touche acidulée.","crustacé, poisson gras, volaille, canard, abat, plat épicé, fast-food, charcuterie, pâté, fromage à pâte dure, fromage persillé, caramel, crème fraîche",jungle-joy.webp,jungle-joy
Abbaye de Leffe,Leffe Ambrée,Ambrée,Pale Ale,"6,50%",25,Belgique,"Leffe Ambrée est une bière avec deux malts et une saveur prononcée, capable de mettre en valeur différents goûts grâce à un houblonnage spécialement conçu.","crustacé, poisson gras, volaille, canard, abat, plat épicé, fast-food, charcuterie, pâté, fromage à pâte dure, fromage persillé, caramel, crème fraîche",leffe-ambree.webp,leffe-ambree
Brasserie du Borinage,Mulet Pils,Ambrée,Wheat Lager,"5,20%",28,Belgique,"La Mulet Pils est une lager au froment, trouble, à mi-chemin entre une pils et une blanche. Ses arômes sont portés sur les céréales. En bouche, elle surprend par la douceur apportée par l’avoine, le peps venant du froment et l’amertume fruitée et délicate des houblons Saaz et Bramling cross.","crustacé, poisson gras, volaille, canard, abat, plat épicé, fast-food, charcuterie, pâté, fromage à pâte dure, fromage persillé, caramel, crème fraîche",mulet-pils.webp,mulet-pils
La Musteline,Musteline Ambrée,Ambrée,Red Ale,"3,30%",27,France,"Un nez sur le caramel et les malts grillés, que les houblons (bien que discrets) complètent d’arômes plus légers et floraux. En bouche, le caramel est toujours de la partie, avec une attaque portée également sur le pain. Le corps est rond, la pétillance fine. On termine par le pain et le caramel, portés par l’amertume jusqu’en longueur pour conclure par une sensation très douce.","crustacé, poisson gras, volaille, canard, abat, plat épicé, fast-food, charcuterie, pâté, fromage à pâte dure, fromage persillé, caramel, crème fraîche",musteline.webp,musteline
La Pinte Française,Origines,Ambrée,Red Ale,"5,50%",28,France,"Les malts sont clairement l’ingrédient le plus expressif de cette Red Ale : cela se prouve dès le nez. On perçoit très nettement dans ce dernier des arômes de pains grillés et de caramel. Ce n’est qu’ensuite qu’on reconnaît les houblons, plus floraux et verts. En bouche, l’attaque est caramélisée et céréalière. La fine amertume porte les saveurs plus vertes et résineuses des houblons. FloFloraleral et quelque peu anisée le temps d’un instant, elle revient rapidement sur des saveurs grillées et torréfiées jusqu’en longueur, pour une finale assez longue et toastée.","crustacé, poisson gras, volaille, canard, abat, plat épicé, fast-food, charcuterie, pâté, fromage à pâte dure, fromage persillé, caramel, crème fraîche",origines.webp,origines
Brasserie d’Orval,Orval,Ambrée,Pale Ale,"6,20%",32,Belgique,"L'Orval est une bière trappiste de dégustation, à la belle couleur orangée et présentant un beau nez aromatique. Elle est brassée à l'Abbaye d'Orval en Belgique. C'est une bière à l'arôme houblonné intense qui dévoile une légère acidité astringente et gagne à mûrir en cave pendant quelques années, debout et à l'abri de la lumière.

Ce caractère complexe de l'Orval vient en partie de trois fermentations séparées et du houblon local utilisé pour la produire. Le poisson à l'anneau d'or est resté l'emblème de la brasserie de la fontaine Mathilde dans laquelle miroitent aujourd'hui les ruines de l'abbaye médiévale, lui fournissant toujours l'eau pure de sa source.

Une bière belge de référence à déguster entre amis et à consommer à différentes températures pour en révéler tous les arômes. Il est conseillé de verser le dépôt séparément lors de la dégustation. Dans le verre, elle nous présente une robe très légèrement ambrée, surmontée d'une généreuse mousse blanche. Le nez est partagé entre notes sur le houblon frais mais aussi sur la levure sauvage. La bouche, qui présente une magnifique pétillance est elle aussi portée sur la brett, à savoir la levure sauvage. Le final est amer, sur une belle longueur.","crustacé, poisson gras, volaille, canard, abat, plat épicé, fast-food, charcuterie, pâté, fromage à pâte dure, fromage persillé, caramel, crème fraîche",orval.webp,orval
Une Petite Mousse x BAPBAP,Paris-Tropiques,Ambrée,Pale Ale,"4,50%",32,France,"Une Pale Ale tout en complexité maltée. On perçoit rapidement les arômes de caramel et de bonbon au premier nez qui laissent ensuite la place à un côté plus vert d’herbes séchées et de fruits confits. En bouche, l’attaque proposée est houblonnée et torréfiée. Les houblons assez verts nous apportent amertume et épices pour une longueur plutôt complexe et durable.","crustacé, poisson gras, volaille, canard, abat, plat épicé, fast-food, charcuterie, pâté, fromage à pâte dure, fromage persillé, caramel, crème fraîche",paris-tropiques.webp,paris-tropiques
Peak Beer,Peak Grand Cru,Ambrée,Strong Golden Ale,"10,50%",24,Belgique,La Peak Grand Cru est produite avec une levure spécialement sélectionnée afin de lui apporter un superbe bouquet de fruits mûrs comme la banane. C’est une bière blonde forte de dégustation qui titre à 10.5% avec une magnifique rondeur en bouche et qui persiste longtemps après la dernière gorgée.,"crustacé, poisson gras, volaille, canard, abat, plat épicé, fast-food, charcuterie, pâté, fromage à pâte dure, fromage persillé, caramel, crème fraîche",peak-grand-cru.webp,peak-grand-cru
Peak Beer,Peak IPA,Ambrée,Belgian IPA,"6,50%",45,Belgique,"La Peak IPA est une bière de 6.5 % d’alcool à l’amertume franche et prononcée. Elle présente des arômes d’agrumes et de fruits exotiques obtenus grâce aux houblons aromatiques tels que Simcoe et Idaho utilisés en dry hopping. Avec sa belle couleur orange, elle plaira à tous les amateurs d’IPA !","crustacé, poisson gras, volaille, canard, abat, plat épicé, fast-food, charcuterie, pâté, fromage à pâte dure, fromage persillé, caramel, crème fraîche",peak-IPA.webp,peak-IPA
Brasserie Dubuisson,Pêche Mel'Bush,Ambrée,Fruit Beer,"8,50%",16,Belgique,"Créée il y a de nombreuses années par des étudiants sous la forme d’un cocktail, la Pêche Mel Bush est à l’origine un mélange de BUSH Caractère et de gueuze pêche à parts égales.
Brassée depuis 2009 par la Brasserie Dubuisson avec la même rigueur que les autres Bush et selon une recette originale à base d’extraits naturels de Pêche, la Pêche Mel Bush ravira les amateurs de bières fruitées de caractère. Les arômes et extraits naturels du fruit s’harmonisent avec l’amertume originale de la Bush Caractère pour donner une bière pleine en bouche parfaitement équilibrée.","crustacé, poisson gras, volaille, canard, abat, plat épicé, fast-food, charcuterie, pâté, fromage à pâte dure, fromage persillé, caramel, crème fraîche",peche-mel-bush.webp,peche-mel-bush
Paulaner,Salvator,Ambrée,Bock / Helles,7.9%,28,Allemagne,"Effluves de caramel et notes de céréales et de miel marquent le nez indéniablement. En bouche, les notes de caramel sont précédés d'une belle attaque maltée. C'est à la fois doux et floral l'alcool est bien présent. La finale est teintée d'amertume. Une très belle Doppelbock à siroter.Brassée depuis plus de 200 ans avec une recette brevetée en 1896, la Salvator est à l’origine de ce style de bières au point que plus de 200 doppelbocks portent le suffxe “-ator” pour le rappeler.","crustacé, poisson gras, volaille, canard, abat, plat épicé, fast-food, charcuterie, pâté, fromage à pâte dure, fromage persillé, caramel, crème fraîche",salvator.webp,salvator
Brasserie Silly,Silly Saison,Ambrée,Saison Ale,"5,00%",25,Belgique,"Son goût est remarquable, léger et conjugué avantageusement sur un ton à la fois modestement sucré et fruité, laissant en bouche une impression rafraîchissante comme on en redemande.","crustacé, poisson gras, volaille, canard, abat, plat épicé, fast-food, charcuterie, pâté, fromage à pâte dure, fromage persillé, caramel, crème fraîche",silly-saison.webp,silly-saison
Brasserie Duvel-Moortgat,Vedett Extra Ordinary IPA,Ambrée,Belgian IPA,"6,00%",40,Belgique,"Il s'agit d'une bière extraordinaire, une IPA, avec un taux d’alcool de 6% vol alc. Elle est refermentée enbouteille. Durant le processus de brassage, on utilise 100% de malt spécial. On utilise la technique du houblonnage à sec, le résultat, est une fantastique IPA, qui va être embouteillée dans une bouteille brune, pour accentuer encore plus le caractère spécial de cette bière refermentée en bouteille.","crustacé, poisson gras, volaille, canard, abat, plat épicé, fast-food, charcuterie, pâté, fromage à pâte dure, fromage persillé, caramel, crème fraîche",vedett-extra-ordinary-ipa.webp,vedett-extra-ordinary-ipa
Vivat,Vivat Ambrée Bio,Ambrée,Red Ale,"6,50%",28,France,"Nez réservé, principalement sur le malt grillé, le caramel. L’attaque en bouche est délicate, le malt reste léger, la texture, très fluide. Des saveurs grillées, de pain, et même de noisette font leur apparition. La finale est douce, presque sucrée, l’amertume est très peu marquée. Agréable ambrée à partager ! Le mot ""Vivat"" était prononcé lors des mariages flamands en signe de bon augure, au moment où quelques gouttes de bières étaient versées sur le front de la jeune mariée.","crustacé, poisson gras, volaille, canard, abat, plat épicé, fast-food, charcuterie, pâté, fromage à pâte dure, fromage persillé, caramel, crème fraîche",vivat-ambree-bio.webp,vivat-ambree-bio
NovaBirra,Acid Junk,Blanche,Sour IPA,"4,50%",10,Belgique,Acid Junk est brassée avec du malt Heidelberg allemand et un mélange de houblons aromatiques américains. L’acidité rafraîchissante et les arômes fruités de ACID JUNK en font une bière surette originale et savoureuse.,"crudité, légume, carpaccio, ceviche, crustacé, poulet, poisson, fromage frais, fruit",acid-junk.webp,acid-junk
Brasserie du Bocq,Blanche de Namur,Blanche,Witbier,"4,50%",10,Belgique,"Trouble, douce et moelleuse, la Blanche de Namur est une bière de froment de très haute qualité. Dès sa première gorgée, vous ressentirez toute sa rondeur et sa délicatesse qui en font une bière exceptionnelle.
Ses qualités et le ""savoir-faire"" de la brasserie lui ont valu la distinction de la meilleure bière blanche au monde en 2009, en 2013 et en 2014.
Un modèle du genre à la fois florale et fruitée, entre le coriandre et l'écorce d'orange. Le nez est frais, plutôt délicat. A servir fraîche, pas glacée, pour profiter des arômes et accentuer l'amertume élégante qui s'enroule autour de la bouche pendant toute la dégustation.","crudité, légume, carpaccio, ceviche, crustacé, poulet, poisson, fromage frais, fruit",blanche-de-namur.webp,blanche-de-namur
Brasserie du Borinage,Boriner Vice,Blanche,Berliner Weisse,"5,00%",7,Belgique,"La Boriner Vice est une Berliner Weisse, obtenue par la technique du sour kettle (acidification du moût dans la cuve d’ébullition). La rôbe est blonde, claire, pâle, voilée. Les arômes sont marqués par un dryhopping puissant de houblons apportant des notes d’agrumes (Mandarina bavaria) et de raisin blanc (Hallertau blanc). La bouche est comme un bonbon sûr, c’est fruité, acidulé, sec, ultra désaltérant.","crudité, légume, carpaccio, ceviche, crustacé, poulet, poisson, fromage frais, fruit",boriner-vice.webp,boriner-vice
Brasserie d'Achouffe,Chouffe Blanche,Blanche,Wheat Beer,"6,50%",18,Belgique,"Notre lutin emblématique se balade en montagne, été comme hiver. Avec son bâton et son gilet de moumoute, il grimpe régulièrement le mont Chouffe jusqu'à 6666 mètres pour humer la fraîcheur des neiges éternelles.
Arrivé au sommet, il a pour coutume de servir une Chouffe puis admirer la vue.
""Groumf, groumf ?"" un yéti au poils blancs, curieux, a cette fois-ci reconnu le bruit du service et s'approche timidement. ""Chouffe ! ... pas Groumf !"" lui répond Marcel. L'harmonie blanche de décor a inspiré Marcel pour nommer sa nouvelle bière rafraîchissante, douce et épicée : Chouffe Blanche !","crudité, légume, carpaccio, ceviche, crustacé, poulet, poisson, fromage frais, fruit",chouffe-blanche.webp,chouffe-blanche
Brussels Beer Project,Grosse Bertha,Blanche,Belgian Hefeweizen,"6,50%",20,Belgique,"La Grosse Bertha est le résultat du mélange entre les recettes d'une triple et d'une hefeiwezen. Sa levure allemande lui confère des arômes de banane et de clou de girofle.

Basée sur un mélange de malt d'orge et de blé, elle est voluptueuse à souhait. Elle vous mettra à l'aise avec sa rondeur à nulle autre pareille.","crudité, légume, carpaccio, ceviche, crustacé, poulet, poisson, fromage frais, fruit",grosse-bertha.webp,grosse-bertha
Hoegaarden,Wit-Blanche,Blanche,Witbier,"4,90%",15,Belgique,"La Hoegaarden reste une bière blanche à fermentation haute, crée par la brasserie Hoegaarden en Belgique. Très connue et appréciée au-delà des frontières de son pays d’origine, cette boisson demeure brassée avec de la coriandre et des zestes de citron. Ce qui lui donne un goût irrésistible avec une fraîcheur sans pareille.","crudité, légume, carpaccio, ceviche, crustacé, poulet, poisson, fromage frais, fruit",hoegaarden.webp,hoegaarden
Mont-Blanc,La blanche,Blanche,Witbier,"4,70%",13,France,"Des arômes épicés, de coriandre, d’agrumes et du Curaçao sont présents au nez. En bouche, léger et désaltérante. Des notes fomentées et acidulées accompagnent la dégustation, toute en fraîcheur. Une blanche à la française, qui a su se faire une place parmi les plus grandes. Le saviez-vous ? L’eau utilisée pour la fabrication de la Blanche, tire sa source dans les glaciers du Mont Blanc. Cette bière a été élue meilleure bière blanche à deux reprises, en 2013 et 2015.","crudité, légume, carpaccio, ceviche, crustacé, poulet, poisson, fromage frais, fruit",la-blanche.webp,la-blanche
Ribella,Madonna,Blanche,Witbier,"4,50%",10,France,"Cette bière immaculée comme la Madone est infusée avec de l'écorce de cédrat de Corse (Citrus medica corsicana), un gros agrume jaune qui revient en force sur la scène culinaire. L'ajout de blé malté et de coriandre permet de créer une Witbier avec un twist caractéristique parfait. Tout en finesse, fraîche et acidulée, c'est une merveille aussi délicate que l'Île de Beauté qui l'a vue naître.","crudité, légume, carpaccio, ceviche, crustacé, poulet, poisson, fromage frais, fruit",madonna.webp,madonna
Peak Beer,Peak Summer,Blanche,Pale Ale,"4,00%",24,Belgique,"La Peak Summer arrive avec les beaux jours. Bière blonde légère élaborée avec du houblon Mandarina Bavaria, du houblon Ekuanot en dry-hopping et du jus naturel de mandarine. De quoi se rafraîchir au soleil… Ou sous la pluie !","crudité, légume, carpaccio, ceviche, crustacé, poulet, poisson, fromage frais, fruit",peak-summer.webp,peak-summer
Brasserie du Borinage,Ramborinage,Blanche,Double Blanche,"7,00%",27,Belgique,"Aiguisée dans le fin fond de la jungle Boraine en combinant un savoir-faire borino-italien, la Ramborinage a spécialement été créée pour servir d'appui-feu aux troupes médicales faisant face à la pandémie de COVID-19

""Fais pas ch*er COVID... Fais pas ch*er ! Ou on va te faire une bière comme t'en as jamais bue...""

Vraie bière blanche, plus forte que la moyenne, aux notes épicées (coriandre et écorces d’orange), douce.","crudité, légume, carpaccio, ceviche, crustacé, poulet, poisson, fromage frais, fruit",ramborinage.webp,ramborinage
De l'Esterel,Riviera Blanche,Blanche,Witbier,"4,00%",13,France,"Un nez céréalier et vert, auquel un zeste acidulé tiré d’agrumes comme le citron apporte un aspect très frais à cette bière de blé. En bouche, les saveurs d’épices et de coriandre sont les premières perçues avant de laisser place aux levures et aux malts qui tapissent le palais. La douce amertume nous porte les saveurs de coriandre et de céréales jusqu’à la fin de la dégustation.","crudité, légume, carpaccio, ceviche, crustacé, poulet, poisson, fromage frais, fruit",riviera-blanche.webp,riviera-blanche
NovaBirra,Seed of the New Grace,Blanche,Hefeweizen,"5,50%",22,Belgique,"Seed of the New Grace est brassée dans le style Hefeweizen à partir de malts Wheat, Vienna et Munich. C’est une bière de type ""Blanche"" même si elle n’est pas de couleur blanche. Seed of the New Grace est infusée à froid (dry-hopping) avec du houblon alsacien Mistral. Cette bière d’inspiration allemande exprime des notes de céréales et de levure balancées par des arômes houblonnés de fleurs et d’agrumes","crudité, légume, carpaccio, ceviche, crustacé, poulet, poisson, fromage frais, fruit",seed-of-the-new-grace.webp,seed-of-the-new-grace
Brasserie du Borinage,Urine,Blanche,Double IPA,"7,00%",76,Belgique,"L’Urine est une Double IPA à la robe limpide de couleur blonde foncée. Le nez détonne par une déflagration houblonnée. Les houblons Citra et Amarillo ont été utilisés sous forme “cryo” pour apporter un profil aromatique unique sur des notes de mangue. En bouche, une belle rondeur équilibre à merveille l’amertume des houblons.","crudité, légume, carpaccio, ceviche, crustacé, poulet, poisson, fromage frais, fruit",urine.webp,urine
Brasserie Duvel-Moortgat,Vedett Extra White,Blanche,Weissbier,"4,70%",15,Belgique,"Il s'agit d'une bière à haute fermentation et refermentation en bouteille, titrant à 4,7% vol alc. C’est une bière blanche, de couleur jaune fade, non filtrée. Elle a un goût rafraîchissant, croquant avec une touche de zeste de citron, arrondi par un goût doucement amer et une arrière-bouche sèche.","crudité, légume, carpaccio, ceviche, crustacé, poulet, poisson, fromage frais, fruit",vedett-extra-white.webp,vedett-extra-white
Brasserie de Jandrain-Jandrenouille,VI Wheat,Blanche,Witbier,"6,00%",31,Belgique,Véritable Wheat Ale au caractère houblonné et au nez fruité et herbacé. La VI Wheat est une petite pépite de la brasserie artisanale Jandrain-Jandrenouille dont les installations sont situées dans les murs d'une ancienne ferme. Véritable démonstration du savoir-faire traditionnel belge remis au goût du jour avec des houblons plus aromatiques. Bière très rafraîchissante à la saveur de blé.,"crudité, légume, carpaccio, ceviche, crustacé, poulet, poisson, fromage frais, fruit",VI-wheat.webp,VI-wheat
Brussels Beer Project,Wunder Lager,Blanche,Hoppy Lager,"3,80%",24,Belgique,"Wunder Lager, c'est notre cinquième élément, l'harmonie parfaite du goût avec un faible taux d'alcool ! C'est aussi notre première lager, on en est super fiers !","crudité, légume, carpaccio, ceviche, crustacé, poulet, poisson, fromage frais, fruit",wunder-lager.webp,wunder-lager
De Malt et d'Ô,08 Blonde,Blonde,Pale Ale,"4,50%",13,France,"Cette blonde nous propose un nez céréalier et très levuré dès les premières notes. Une fois sur le palais, les saveurs commencent à s’exprimer avec plus de force. Les fruits jaunes, notamment, se font connaître. La pêche se mêle à des notes de melon ; et portées par une légère amertume, elles conduisent à une fin de dégustation douce et quelque peu épicée.","crudité, salade, légume, poisson, poulet, veau, plat épicé, fast-food, charcuterie, fromage frais, fromage à pâte molle, fromage à pâte dure, fruit, dessert",08-blonde.webp,08-blonde
Brasserie Lefebvre,Barbãr,Blonde,Strong Pale Ale,"7,80%",28,Belgique,"La Barbãr est née d’un mélange réussi entre la finesse de l’orge, la douceur du miel et l’amertume du houblon. Vous serez séduit par ses arômes des plus délicats.","crudité, salade, légume, poisson, poulet, veau, plat épicé, fast-food, charcuterie, fromage frais, fromage à pâte molle, fromage à pâte dure, fruit, dessert",barbar.webp,barbar
Des Sources,Bellerose IPA,Blonde,IPA,"6,50%",52,France,"Dans la gamme de bières Bellerose, donnez-moi l'IPA ! Toujours habillée de sa légendaire pin-up, l'India Pale Ale de la brasserie des Sources offre un profil aromatique puissant et fruité, qui rappellera légèrement sa cousine la Bellerose Blonde. Les agrumes et le litchi dominent la dégustation.","crudité, salade, légume, poisson, poulet, veau, plat épicé, fast-food, charcuterie, fromage frais, fromage à pâte molle, fromage à pâte dure, fruit, dessert",bellerose-ipa.webp,bellerose-ipa
Des Sources,Bellerose,Blonde,Bière de garde,"6,50%",29,France,"De jolis arômes de céréales se révèlent au nez, accompagnés de pointes finement épicées et houblonnées. A noter également, la présence discrète d’arômes agrumés pour compléter le tableau. En bouche, c’est plutôt rond voire légèrement sucré, et contrebalancé par de solides pointes d’amertume. L’équilibre est là, pas de doute. Les saveurs céréalières sont toujours de la partie et apporte un joli corps lors de la dégustation. La finale est assez longue, simple et légèrement amère. Une belle réussite que cette artisanale française ! Elle sera délicieuse en accords mets-bières avec un tajine, du saumon grillé ou une tarte citron meringuée.","crudité, salade, légume, poisson, poulet, veau, plat épicé, fast-food, charcuterie, fromage frais, fromage à pâte molle, fromage à pâte dure, fruit, dessert",bellerose.webp,bellerose
Brasserie-Ferme de Bertinchamps,Bertinchamps Blond,Blonde,Strong Ale,"6,20%",20,Belgique,"Nez floral de paille fraîchement coupée, arôme de céréale grillée et petite note poivrée.
Bière bien équilibrée avec une belle amertume en fin de palais.","crudité, salade, légume, poisson, poulet, veau, plat épicé, fast-food, charcuterie, fromage frais, fromage à pâte molle, fromage à pâte dure, fruit, dessert",bertinchamps-blonde.webp,bertinchamps-blonde
Brasserie des Légendes,Bière des amis,Blonde,Non-Alcoholic,"0,00%",25,Belgique,"La particularité de notre méthode de désalcoolisation?
Une faible pression sous vide exercée sur notre bière permet l’évaporation de l’alcool à très basse température (30° max). Ceci évite la perte des arômes volatils et garantit le maintien des qualités organoleptiques de notre Bière des Amis d’origine. L’essentiel de ses caractéristiques gustatives et aromatiques sont ainsi préservées.","crudité, salade, légume, poisson, poulet, veau, plat épicé, fast-food, charcuterie, fromage frais, fromage à pâte molle, fromage à pâte dure, fruit, dessert",biere-des-amis-0.webp,biere-des-amis-0
Brasserie des Légendes,Bière des amis,Blonde,Pale Ale,"5,80%",21,Belgique,"Qu’importe l’heure, qu’importe l’endroit, il y a toujours une bonne occasion de prendre le temps de partager une bière entre amis. Ces moments de retrouvaille, sans prise de tête, autour d’une bonne bière agrémentée de quelques histoires du passé ou de projets futurs, font partie des choses simples qui comptent le plus…","crudité, salade, légume, poisson, poulet, veau, plat épicé, fast-food, charcuterie, fromage frais, fromage à pâte molle, fromage à pâte dure, fruit, dessert",biere-des-amis.webp,biere-des-amis
Brasserie Dubuisson,Bush Triple,Blonde,Triple,"10,50%",21,Belgique,"Bière de haute fermentation, filtrée, elle bénéficie notamment du même savoir-faire et des mêmes levures que les autres bières de la Brasserie Dubuisson. L’utilisation de malts traditionnels associée à l’emploi exclusif du fameux houblon de Saaz lui procure une robe claire ainsi qu’une palette de saveurs subtiles et d’arômes typés et équilibrés. Une fermentation prolongée lui confère un taux d’alcool de 10,5% et une digestibilité exceptionnelle.","crudité, salade, légume, poisson, poulet, veau, plat épicé, fast-food, charcuterie, fromage frais, fromage à pâte molle, fromage à pâte dure, fruit, dessert",bush-triple.webp,bush-triple
Brasserie Cantillon,Gueuze 100% Lambic Bio,Blonde,Lambic,"5,50%",30,Belgique,"Les Lambics de la Brasserie Cantillon sont appelés ""jeunes"" après un an de vieillissement et atteignent leur pleine maturité après trois ans. Les jeunes bières contiennent les sucres naturels nécessaires à la seconde fermentation en bouteille. Les bières de trois ans apportent quant à elles leur bouquet et leur finesse.

La Gueuze est le fruit d’un mélange complexe de Lambics de goûts et d’âges différents, conservés en fûts de chêne. Le rôle le plus important du brasseur est gustatif. Il devra goûter une dizaine de Lambics provenant de tonneaux différents pour finalement en sélectionner cinq ou six. C’est ainsi que se confectionne la Gueuze 100% Lambic, porteuse du caractère original des bières de la Brasserie Cantillon. Chaque cuve d’assemblage donnera naissance à une Gueuze différente. Les éléments naturels dont nous disposons ne nous permettent pas la fabrication d’un produit ""standard"".","crudité, salade, légume, poisson, poulet, veau, plat épicé, fast-food, charcuterie, fromage frais, fromage à pâte molle, fromage à pâte dure, fruit, dessert",cantillon-gueuze.webp,cantillon-gueuze
Abbaye de Scourmont - Chimay,Chimay Triple,Blonde,Triple,"8,00%",39,Belgique,"La Chimay Triple présente une attirante robe dorée majestueusement couronnée d'une imposante mousse blanche. Son parfum révèle immédiatement la complexité impétueuse de cette bière. Son caractère fruité prononcé est parfaitement complété par des impressions florales et par d'élégantes nuances d'épices, conférées par la levure au caractère bien marqué. Un arôme fumé subtil et un soupçon de vanille assurent ensuite un agréable contraste avec la douceur du malt. La saveur est à l'avenant, avec une bouche veloutée parfaitement contrebalancée par juste ce qu'il faut de l'amertume du houblon. Le zeste d'orange et la pomme rouge offrent une fin de bouche raffinée.","crudité, salade, légume, poisson, poulet, veau, plat épicé, fast-food, charcuterie, fromage frais, fromage à pâte molle, fromage à pâte dure, fruit, dessert",chimay-triple.webp,chimay-triple
Brasserie d'Achouffe,Chouffe Soleil,Blonde,Pale Ale,"6,00%",20,Belgique,"Délicate, fruitée, rafraîchissante… Chouffe Soleil vous promet des moments radieux tout au long de la belle saison. Fabriquée à base d’un mélange d’orge malté, de blé et de seigle, Chouffe Soleil révèle un arôme doux de fleurs de sureau et de camomille. De délicieuses saveurs d’agrumes – mandarine et citron vert – , rehaussées d’une touche de vanille et de notes poivrées, viennent titiller nos papilles. A la fois lumineuse et légèrement trouble, Chouffe Soleil se déguste tout au long de l'année. Elle vous promet un beau moment de convivialité !","crudité, salade, légume, poisson, poulet, veau, plat épicé, fast-food, charcuterie, fromage frais, fromage à pâte molle, fromage à pâte dure, fruit, dessert",chouffe-soleil.webp,chouffe-soleil
Brasserie d'Achouffe,La Chouffe,Blonde,Pale Ale,"8,00%",20,Belgique,"La Chouffe révèle en bouche des notes d’agrumes, suivies d’une touche rafraîchissante, agréablement épicée, lui conférant une grande légèreté. Cette bière dorée, au goût légèrement houblonné, a été la toute première à sortir des cuves de la Brasserie d’Achouffe, il y a 40 ans. Depuis lors, ses saveurs uniques, récompensées par plusieurs prix, ont conquis les amateurs du monde entier !","crudité, salade, légume, poisson, poulet, veau, plat épicé, fast-food, charcuterie, fromage frais, fromage à pâte molle, fromage à pâte dure, fruit, dessert",chouffe.webp,chouffe
Brasserie Dubuisson,Cuvée des Trolls,Blonde,Pale Ale,"7,00%",19,Belgique,"La Cuvée des Trolls est une bière belge brassée depuis l'an 2000 par la Brasserie Dubuisson qui produit aussi les caractérielles bières Bush.

Elle intègre évidemment tous les critères de qualité des bières de la brasserie Dubuisson, c'est-à-dire un brassage traditionnel, sans aucun additif avec un caractère indéniable. La Cuvée des Trolls est aromatisée avec des écorces d’oranges séchées. Celles-ci sont ajoutées au moût lors de l’ébullition. Elles donnent à cette bière des notes de fraîcheur et des arômes particulièrement agréables et fruités. Au palais, la Cuvée des Trolls présente une rondeur constituée à la fois de goûts et de saveurs assez relevés, mais particulièrement bien équilibrés. L’amertume, l’acidité et le sucré s’équilibrent parfaitement et donne ainsi une bière goûteuse et sans aspérités désagréables.","crudité, salade, légume, poisson, poulet, veau, plat épicé, fast-food, charcuterie, fromage frais, fromage à pâte molle, fromage à pâte dure, fruit, dessert",cuvee-des-trolls.webp,cuvee-des-trolls
Brasserie Huyghe,Delirium Tremens,Blonde,Pale Ale,"8,50%",24,Belgique,"Le 26 décembre 1988, la célébrissime « Delirium Tremens » voit le jour. L'équipe produit cette bière blonde. L'authenticité de la delirium provient de ses 3 levures différentes ainsi que de son emballage très particulier et original faisant penser à la poterie de Cologne. L'étiquette dépeint les différentes phases du « delirium tremens ». L'éléphant rose est né. Elue meilleure bière du monde 1997 - 1998","crudité, salade, légume, poisson, poulet, veau, plat épicé, fast-food, charcuterie, fromage frais, fromage à pâte molle, fromage à pâte dure, fruit, dessert",delirium.webp,delirium
Brussels Beer Project,Juice Junkie,Blonde,New England IPA,"5,40%",30,Belgique,"Juice Junkie est une bombe tropicale, juteuse, avec des notes exotiques d'ananas et de mangue.

Cette India Pale Ale a été brassée dans le style New England IPA, une interprétation moins amère qu'une IPA avec une sensation douce et juteuse en bouche. L'utilisation de flocons d'avoine, d'une levure moins floculante et l'utilisation exclusive de houblons aromatiques changent complètement l'aspect et le goût de ces IP","crudité, salade, légume, poisson, poulet, veau, plat épicé, fast-food, charcuterie, fromage frais, fromage à pâte molle, fromage à pâte dure, fruit, dessert",delta-ipa.webp,delta-ipa
Brasserie Duvel-Moortgat,"Duvel 6,66",Blonde,Pale Ale,"6,66%",20,Belgique,"La brasserie Duvel n'est plus si jeune que ça ! Malgré ses allures, la brasserie fête ses 150 ans cette année. Pour marquer le coup, elle a décidé de sortir de ses cuves un brassin exclusif. Une bière qui illustre à merveille le savoir-faire développé par la brasserie au fil des années.
La Duvel 6.66 % fait un clin d'œil à l'histoire de la brasserie et en particulier à son nom. En effet, Duvel est la traduction flamande de Diable d'où le nom de cette bière.
La bière belge Duvel 6.66 %, comme son nom l'indique, titre à 6,66% ce qui la rend particulièrement facile à boire. Elle est le fruit d'un assemblage de trois variétés de malts différents ce qui lui confère un bel équilibre en bouche. S'inspirant des tendances brassicoles actuelles, la brasserie a fait le choix de faire intervenir six houblons différents dans sa recette via un dry hopping afin de conférer à la bière une aromatique unique et riche.
À la dégustation, la Duvel 6.66 % possède une belle robe blonde légèrement trouble surplombée d'un épais col de mousse blanc. Elle développe au nez des arômes de malt, de citron, de fruits et de houblon. Douce et rafraîchissante, la Duvel 6.66 % révèle des saveurs d'agrumes et de zeste d'orange.
Cédez à la tentation !","crudité, salade, légume, poisson, poulet, veau, plat épicé, fast-food, charcuterie, fromage frais, fromage à pâte molle, fromage à pâte dure, fruit, dessert",duvel-666.webp,duvel-666
Brasserie Duvel-Moortgat,Duvel Tripel Hop Cashmere,Blonde,Strong Ale,"9,50%",40,Belgique,"La brasserie a utilisé pour la première fois la variété unique de houblon Cashmere pour brasser Duvel Tripel Hop, un coup dans le mille. La bière spéciale en édition limitée s’est envolée et de nombreux amateurs de bière restent sur leur soif. Les brasseurs n’ont pu résister à la demande de brasser de nouveau cette bière et ont décidé de réutiliser le houblon limité en 2020. Vous pourrez de nouveau déguster la bière spéciale houblonnée à cru Duvel Tripel Hop Cashmere à partir du mois de mars. Cette bière, tout comme Duvel Tripel Hop Citra, sera disponible dans l’assortiment permanent sur le marché belge.","crudité, salade, légume, poisson, poulet, veau, plat épicé, fast-food, charcuterie, fromage frais, fromage à pâte molle, fromage à pâte dure, fruit, dessert",duvel-tripel-hop-cashmere.webp,duvel-tripel-hop-cashmere
Brasserie Duvel-Moortgat,Duvel Tripel Hop Citra,Blonde,Strong Ale,"9,50%",44,Belgique,"Pour la Duvel Tripel Hop, nos brasseurs sélectionnent une 3ème variété de houblon, à côté de nos deux houblons permanents. Ils appliquent ensuite la technique du « Dry Hopping » (houblonnage à froid), au cours de laquelle les fleurs de houblon sont ajoutées. Cette phase ultérieure du brassage permet de retrouver davantage d’arômes de houblon dans le produit final. Le houblon supplémentaire que nos brasseurs ajoutent à l’ultime Tripel Hop est le Citra, une variété de houblon américain de la vallée Yakima près de Washington. Ce houblon est apprécié pour ses propriétés aromatiques et fruitées. Citra enrichit le goût typique de la Duvel avec des notes fraîches de pamplemousse et de fruits tropicaux.","crudité, salade, légume, poisson, poulet, veau, plat épicé, fast-food, charcuterie, fromage frais, fromage à pâte molle, fromage à pâte dure, fruit, dessert",duvel-tripel-hop-citra.webp,duvel-tripel-hop-citra
Brasserie Duvel-Moortgat,Duvel,Blonde,Strong Ale,"8,50%",32,Belgique,"Duvel fait toujours office de référence parmi les bières blondes les plus fortes. Ce sont les sortes de houblon les plus nobles utilisées lors de la fabrication qui confèrent à la Duvel ce bouquet épicé qui monte au nez accompagné de sa note d’agrume tirant légèrement sur le pamplemousse. Cela se retrouve également dans son goût parfaitement équilibré avec une légère touche épicée. Grâce à sa teneur élevée en CO2, la bière dévoile une rondeur divine en bouche. Une Duvel se déguste aussi bien comme désaltérant que comme apéritif.","crudité, salade, légume, poisson, poulet, veau, plat épicé, fast-food, charcuterie, fromage frais, fromage à pâte molle, fromage à pâte dure, fruit, dessert",duvel.webp,duvel
Brasserie du Borinage,L'Empire,Blonde,Imperial Lager,"10,00%",35,Belgique,"L’Empire est une Imperial Lager, une bière ""bushkante"" (sign. ""forte"") brassée en basse fermentation. C’est une blonde dense, voilée, aux couleurs de l’abricot. Le nez est chaleureux, puissant, marqué par notre houblon fétiche (Hallertau blanc) qui amène ici des notes de fruits jaunes. La bouche est ample, dense, mais la basse fermentation permet une grande buvabilité. Parole de Jean-Luc Delploumette","crudité, salade, légume, poisson, poulet, veau, plat épicé, fast-food, charcuterie, fromage frais, fromage à pâte molle, fromage à pâte dure, fruit, dessert",empire.webp,empire
Des Sources,Estaminet Triple,Blonde,Tripel,"7,00%",33,France,"La mousse épaisse et onctueuse dégage des senteurs fruitées et herbeuses. La première gorgée est fraîche, marquée par le côté fruité des baies de genévrier, sans tomber dans l'effet liquoreux. Une subtile amertume vient équilibrer la finale et renforcer le bouquet aromatiques. Une belle bière du Nord à déguster accompagnée de terrines de gibier.","crudité, salade, légume, poisson, poulet, veau, plat épicé, fast-food, charcuterie, fromage frais, fromage à pâte molle, fromage à pâte dure, fruit, dessert",estaminet-triple.webp,estaminet-triple
Ribella,Immurtale,Blonde,Pilsner,"4,50%",12,France,"Les bières Pils ont beau venir de République Tchèque, cette interprétation corse savamment houblonnée et très réussie. C'est une bière résolument épicée, plein de céréales, avec une amertume légère mais houblonnée. L'Immurtale fait preuve de beaucoup d'équilibre et de délicatesse: elle est brassée avec de l'Hélichrysum, une plante voisine du curry, qui pousse dans le maquis corse et est surnommée ""fille du soleil"".","crudité, salade, légume, poisson, poulet, veau, plat épicé, fast-food, charcuterie, fromage frais, fromage à pâte molle, fromage à pâte dure, fruit, dessert",immurtale.webp,immurtale
Jolicoeur,Jolicoeur blonde,Blonde,Pale Ale,"5,00%",25,France,"Une bière fruitée et florale au nez qui donne envie d’aller plus loin et de découvrir ce qu’elle peut nous offrir en bouche. Aucune déception, puisqu’elle ouvre sur des saveurs très houblonnées et fruitées plus particulièrement sur le pamplemousse. Délicieuse et complètement atypique pour le genre, cette pépite mérite d’être découverte et dégustée.","crudité, salade, légume, poisson, poulet, veau, plat épicé, fast-food, charcuterie, fromage frais, fromage à pâte molle, fromage à pâte dure, fruit, dessert",jolicoeur-blonde.webp,jolicoeur-blonde
La Cagole de Marseille,La Cagole,Blonde,Golden Ale,"5,50%",20,France,"Le malt est présent tout au long de la dégustation avec des arômes de pain grillé et très légèrement caramel au nez. En bouche il se traduit par des saveurs de boisé et céréales qui accompagne une amertume plutôt métallique mais si douce qu’elle en passerait presque inaperçu. Délicieusement fraîche et désaltérante cette blonde est le remède miracle à la chaleur de l’été marseillais. Cette Cagole Blonde sera délicieuse avec des grillades, une salade niçoise ou encore une fougasse.","crudité, salade, légume, poisson, poulet, veau, plat épicé, fast-food, charcuterie, fromage frais, fromage à pâte molle, fromage à pâte dure, fruit, dessert",la-cagole.webp,la-cagole
Abbaye de Leffe,Leffe Bonde,Blonde,Pale Ale,"6,60%",25,Belgique,Leffe Blonde est une authentique bière blonde d'abbaye avec une légère pointe d'amertume. Leffe Blonde est la bière de dégustation par excellence: elle accompagnera avec légèreté vos repas et leur donnera une touche de saveur supplémentaire.,"crudité, salade, légume, poisson, poulet, veau, plat épicé, fast-food, charcuterie, fromage frais, fromage à pâte molle, fromage à pâte dure, fruit, dessert",leffe-blonde.webp,leffe-blonde
Brasserie Lupulus,Lupulus Blonde Triple,Blonde,Triple,"8,50%",30,Belgique,"La Lupulus Blonde Triple est une bière belge riche et puissante dont la robe jaune dorée et voilée se voit coiffée d'une large mousse blanche crémeuse qui dévoile des arômes de malt, de houblon et d'agrumes.
En bouche, on y retrouve des saveurs d'épices, de thym, de malt et de houblon avec une amertume franche et du rafraîchissant. Elle est à déguster à une température de 8°C.","crudité, salade, légume, poisson, poulet, veau, plat épicé, fast-food, charcuterie, fromage frais, fromage à pâte molle, fromage à pâte dure, fruit, dessert",lupulus-blonde.webp,lupulus-blonde
Brasserie Lupulus,Lupulus Organicus,Blonde,Abbey Triple,"8,50%",32,Belgique,"La Lupulus Organicus est une biere de type triple de couleur blonde trouble, l'Organicus est une bire bio, elle reste tout de méme dans l'esprit de sa soeur la Lupulus Triple Blonde, au nez elle est herbacés avec des notes levurés, en buche levure et fruits.","crudité, salade, légume, poisson, poulet, veau, plat épicé, fast-food, charcuterie, fromage frais, fromage à pâte molle, fromage à pâte dure, fruit, dessert",lupulus-organicus.webp,lupulus-organicus
BRLO,Naked,Blonde,Pale Ale,"0,40%",40,Allemagne,"Une bière sans-alcool qui mise tout sur ses houblons ultra fruités: Lemondrop, Mandarina, Bavaria et Citra, on nage en pleine salade d'agrumes. Le nez, et dans une moindre mesure, la bouche, offrent des flaveurs de pain, de pêche, de pamplemousse, de résine et d'herbe fraîche. Légère, fruitée, avec une amertume finale très subtile.","crudité, salade, légume, poisson, poulet, veau, plat épicé, fast-food, charcuterie, fromage frais, fromage à pâte molle, fromage à pâte dure, fruit, dessert",naked.webp,naked
BAPBAP,Odyssée,Blonde,Session IPA,"4,10%",52,France,"On perçoit tout de suite les arômes de houblons épicés (poivre blanc), mais aussi de malts plus céréaliers. En second nez, les fruits secs se font remarquer. C’est alors qu’une attaque céréalière et épicée démarre : le poivre et la coriandre rendent le palais piquant et épicé, tandis que les levures arrondissent l’ensemble. L'amertume porte les saveurs tout au long de la dégustation jusqu’à une finale assez longue et verte, tout en sècheresse.","crudité, salade, légume, poisson, poulet, veau, plat épicé, fast-food, charcuterie, fromage frais, fromage à pâte molle, fromage à pâte dure, fruit, dessert",odyssee.webp,odyssee
Peak Beer,Peak 0.0,Blonde,Non-Alcoholic,"0,00%",28,Belgique,"Le goût de la Peak sans l’alcool ! 
Grâce à un processus de distillation sous vide préservant le goût de la bière, retrouvez les saveurs typiques de notre Peak Blonde avec des notes d’agrumes et de houblons.","crudité, salade, légume, poisson, poulet, veau, plat épicé, fast-food, charcuterie, fromage frais, fromage à pâte molle, fromage à pâte dure, fruit, dessert",peak-0.webp,peak-0
Peak Beer,Peak Blonde,Blonde,Blonde Ale,"6,00%",28,Belgique,"Bière d'altitude, la Peak Blonde est notre valeur sûre. Rafraîchissante et très digeste grâce à son subtil houblonnage à cru, elle présente des notes agrumées - mandarine - et florales. C'est la partenaire idéale de vos apéros et même de vos soirées entières...","crudité, salade, légume, poisson, poulet, veau, plat épicé, fast-food, charcuterie, fromage frais, fromage à pâte molle, fromage à pâte dure, fruit, dessert",peak-blonde.webp,peak-blonde
Peak Beer,Peak Triple,Blonde,Brown & Dark Ale,"8,50%",38,Belgique,"Bière robuste d'altitude, la Peak Triple s'ouvre aux amateurs de bières intenses. La sélection de houblons et son Dry Hopping vous emmènent vers des pentes aux arômes de pêches blanches et fruits exotiques laissant à l'arrivée une longueur incroyable en bouche.","crudité, salade, légume, poisson, poulet, veau, plat épicé, fast-food, charcuterie, fromage frais, fromage à pâte molle, fromage à pâte dure, fruit, dessert",peak-triple.webp,peak-triple
Bruggeman,Rendez-Vous,Blonde,Pale Ale,"5,20%",22,Belgique,"La meilleure bière, c’est la bière que tu partages. RDV, sigle pour Rendez-Vous, est une blonde unique et rafraîchissante avec une touche subtile de baie de genièvre. La complice parfaite pour tous les moments entre amis. Parce que RDV relie les gens entre eux. En vrai. Avec RDV nous levons notre verre aux amitiés nouvelles et anciennes. A hier, aujourd’hui et demain. A ensemble. Let’s Rendez-Vous!","crudité, salade, légume, poisson, poulet, veau, plat épicé, fast-food, charcuterie, fromage frais, fromage à pâte molle, fromage à pâte dure, fruit, dessert",rendez-vous.webp,rendez-vous
Belafonte,Roll with it,Blonde,American Pale Ale,"5,20%",35,France,"Légère et fraîche sans chichi, c’est bon et ça fait du bien ! Elle titre gentiment dans les 5% pour ne pas finir trop confus et garder les idées claires. Des notes de pins et d’agrumes : pas de doute, cette American Pale Ale est délibérément West Coast. Sa jolie robe orange clair rappelle les couchés de soleil dans l’océan pacifique.","crudité, salade, légume, poisson, poulet, veau, plat épicé, fast-food, charcuterie, fromage frais, fromage à pâte molle, fromage à pâte dure, fruit, dessert",roll-with-it.webp,roll-with-it
Brasserie Saint-Feuillien,Saint-Feuillien Blonde,Blonde,Pale Ale,"7,50%",26,Belgique,"La robe est dorée et profonde. La mousse est fine et aérienne. Le bouquet est très parfumé; on y distingue nettement l’influence des houblons aromatiques, ainsi que l’apport d’une note fruitée (agrumes), conférée par l’usage d’épices. Le corps est marqué par une amertume intense mais distinctive et par une dominante maltée s’exprimant par sa plénitude en bouche. Le fini est cependant sec et houblonné. L’ensemble de ces caractéristiques en font une excellente bière digestive.","crudité, salade, légume, poisson, poulet, veau, plat épicé, fast-food, charcuterie, fromage frais, fromage à pâte molle, fromage à pâte dure, fruit, dessert",st-feuillien-blonde.webp,st-feuillien-blonde
Brasserie Saint-Feuillien,Saint-Feuillien Five,Blonde,Pale Ale,"5,00%",22,Belgique,"La St-Feuillien Five a une couleur blonde pâle ; elle est limpide et brillante. La pétillance est élevée avec des bulles fines. La mousse est blanche, fine et stable. L’odeur est fraîche, houblonnée et bien présente avec des notes délicates fruitées (esters de fermentation) relevées encore par des nuances de zestes d’agrumes (curaçao). En première attaque, le goût est doux et légèrement malté. Ensuite, l’amertume s’installe doucement mais ne devient jamais imposante. L’ensemble reste équilibré et sans lourdeur. Le goût est rond et ample. La post-amertume est fine et longue. La St-Feuillien FIVE est une bière blonde légère et rafraîchissante. Particulièrement désaltérante, elle charme naturellement par son côté léger et digeste.","crudité, salade, légume, poisson, poulet, veau, plat épicé, fast-food, charcuterie, fromage frais, fromage à pâte molle, fromage à pâte dure, fruit, dessert",st-feuillien-five.webp,st-feuillien-five
Brasserie Saint-Feuillien,Saint-Feuillien Triple,Blonde,Triple Ale,"8,50%",30,Belgique,"La mousse est blanche, fine et très compacte. La robe est particulière : couleur ambre pâle, elle révèle un caractère spécialement malté. Le nez est richement parfumé, offrant une combinaison unique de houblons aromatiques, d’épices et de senteurs typiques de la fermentation, très fruitées. La refermentation en bouteille lui confère une odeur unique due à la levure. Son goût est puissant, sa tenue en bouche exceptionnelle. Elle est due autant à sa densité qu’à la garde prolongée. Apéritive et rafraîchissante en été, savoureuse en hiver, elle s’affirme comme bière de dégustation par excellence.","crudité, salade, légume, poisson, poulet, veau, plat épicé, fast-food, charcuterie, fromage frais, fromage à pâte molle, fromage à pâte dure, fruit, dessert",st-feuillien-triple.webp,st-feuillien-triple
Une Petite Mousse x Vivat,Tartelette du Nord,Blonde,IPA,"6,50%",50,France,"Une IPA au nez houblonné mais aussi sur les notes sucrées et acidulées des agrumes. On perçoit bien le citron, les fruits tropicaux et les levures. En bouche, l’attaque se fait houblonnée mais enrobée dans un voile de fruits acidulés. Les houblons paraissent bien moins amers grâce aux notes de citron, d’ananas et de litchi. Mais la sécheresse en bouche se rappelle à nous et poursuit la dégustation sur une finale tout en douceur sucrée et houblonnée.","crudité, salade, légume, poisson, poulet, veau, plat épicé, fast-food, charcuterie, fromage frais, fromage à pâte molle, fromage à pâte dure, fruit, dessert",tartelette-nord.webp,tartelette-nord
Gueuzerie Tilquin,Gueuze Tilquin à l'ancienne,Blonde,Lambic,"7,00%",10,Belgique,"La Gueuze Tilquin à l’ancienne est une bière de fermentation spontanée issue de l’assemblage de lambics de 1, 2 et 3 ans. Non filtrée et non pasteurisée, elle est refermentée en bouteille pour une durée de 6 mois minimum. Les lambics utilisés ont fermenté et mûri en fûts de chêne dans nos installations. Ils sont issus de moûts brassés par les brasseries Boon, Lindemans, Girardin et Cantillon.

Son goût est suret et sec mais présente une certaine rondeur qui rend cette Gueuze à l’ancienne particulièrement accessible pour les non-connaisseurs. Elle réjouira également les amateurs du genre par sa douce complexité. Elle présente également une légère amertume sèche en raison de la jeunesse des fûts de chêne employés, ceux-ci libérant encore quelques tanins. Elle a un nez citronné et frais.","crudité, salade, légume, poisson, poulet, veau, plat épicé, fast-food, charcuterie, fromage frais, fromage à pâte molle, fromage à pâte dure, fruit, dessert",tilquin-gueuze.webp,tilquin-gueuze
Brasserie Bosteels,Tripel Karmeliet,Blonde,Triple,"8,40%",30,Belgique,"La bière Tripel Karmeliet est l'un des grands classiques des bières belges. Selon la brasserie Bosteels, la recette utilisée serait la même depuis 1679. A l'époque, la Karmeliet était alors produite au sein de l'abbaye carmélite de Dendermonde. Bière de fermentation haute et refermentée en bouteille, elle présentait déjà à l'époque la particularité d'être produite à partir de trois céréales : l'orge, le froment et l'avoine. C'est d'ailleurs de ces ingrédients qu'elle tire son nom.

A la dégustation, cette bière belge présente une robe blonde dorée et une mousse crémeuse. Le nez s'avère à la fois raffiné et complexe. On retrouve ainsi les notes d'épices et de banane propres à la levure utilisée mêlées aux arômes agrumes du houblon Styrians. En bouche, ce sont les différentes céréales qui s'expriment en premier, associées ensuite aux touches houblonnées du Styrian. La texture, à la fois sèche et crémeuse rend la Tripel Karmeliet délicieusement équilibrée.","crudité, salade, légume, poisson, poulet, veau, plat épicé, fast-food, charcuterie, fromage frais, fromage à pâte molle, fromage à pâte dure, fruit, dessert",tripel-karmeliet.webp,tripel-karmeliet
Brasserie Duvel-Moortgat,Vedett Extra Pilsner,Blonde,Premium Lager,"5,20%",28,Belgique,"Il s'agit d'une bière style pils, titrant à 5,2% vol alc, de couleur blonde pâle. Un arôme malté, elle se boit aisément grâce à la légèreté de sa saveur. De basse fermentation, elle appartient à la famille des pils. Au goût, une touche douce, fruitée, houblonnée sur le fond. Une saveur typique de houblon Saaz et de levure de basse fermentation.","crudité, salade, légume, poisson, poulet, veau, plat épicé, fast-food, charcuterie, fromage frais, fromage à pâte molle, fromage à pâte dure, fruit, dessert",vedett-extra-pilsner.webp,vedett-extra-pilsner
AB InBev,Victoria,Blonde,Strong Ale,"8,50%",33,Belgique,"La Victoria a été brassée afin de mettre à l'honneur l'archange Saint Michel, le Saint patron de la ville de Bruxelles. En effet, selon la légende, Saint Michel affronta en 1695 le Diable au cœur de la ville de Bruxelles et le terrassa. Une véritable prouesse qui fit sa renommée. Si un jour vous avez l'opportunité de vous rendre à Bruxelles. Prenez un instant pour admirer l'hôtel de ville et plus particulièrement le sommet de sa flèche où figure une statue de l'archange Saint Michel terrassant le diable.

La Victoria est une bière de type Strong Ale titrant à 8,5%. Cette bière est brassée avec trois houblons différents ce qui lui donne une belle complexité aromatique. Elle dévoile des arômes fruités, épicés, maltés et herbacés.

Un délice qui a des allures de victoire !","crudité, salade, légume, poisson, poulet, veau, plat épicé, fast-food, charcuterie, fromage frais, fromage à pâte molle, fromage à pâte dure, fruit, dessert",victoria.webp,victoria
Vivat,Vivat Triple,Blonde,Tripel,"8,30%",32,France,"La Vivat Triple est une bière de garde emblématique du Nord. C'est une bière sucrée, longue en bouche, avec des notes d’agrumes acidulés qui se démarquent. La dégustation reste pourtant évidemment très, très céréalière comme on l'attend d'une Tripel. Les agrumes reviennent en fin de dégustation, après que l'on ai goûté à des notes gourmandes de brioche et de pain. La finale est longue et ronde.","crudité, salade, légume, poisson, poulet, veau, plat épicé, fast-food, charcuterie, fromage frais, fromage à pâte molle, fromage à pâte dure, fruit, dessert",vivat-triple.webp,vivat-triple
Vivat,Vivat Blonde Bio,Blonde,Pale Ale,"6,00%",22,France,"Des arômes agréables de céréales et malts d’orge accueillent le nez. C’est assez végétal et des notes légèrement fruitées sont présentes. En bouche, c’est léger, frais et doux à la fois, le corps est léger. Une très légère amertume suivies de touches fruitées fugaces apparaissent en deuxième bouche et accompagnent une finale plutôt courte. Bière BIO intéressante ! Le mot ""Vivat"" était prononcé lors des mariages flamands en signe de bon augure, au moment où quelques gouttes de bières étaient versées sur le front de la jeune mariée.","crudité, salade, légume, poisson, poulet, veau, plat épicé, fast-food, charcuterie, fromage frais, fromage à pâte molle, fromage à pâte dure, fruit, dessert",viviat-blonde-bio.webp,viviat-blonde-bio
Vivat,Vivat Blonde,Blonde,Bière de garde,"6,50%",24,France,"De belles notes florales s’échappent du joli dôme de mousse de cette bière. C’est agréable et assez vif au nez. En bouche, c’est frais avec des saveurs d’agrumes et un côté herbeux bien net. De belles touches céréalières sont également présentes. Une dégustation pleine de fraicheur, de fruité … bref très agréable ! Médaille d’argent 2011 au Concours Général Agricole. Le mot ""Vivat"" était prononcé lors des mariages flamands en signe de bon augure, au moment où quelques gouttes de bières étaient versées sur le front de la jeune mariée.","crudité, salade, légume, poisson, poulet, veau, plat épicé, fast-food, charcuterie, fromage frais, fromage à pâte molle, fromage à pâte dure, fruit, dessert",viviat-blonde.webp,viviat-blonde
Abbaye de Westmalle,Westmalle Triple,Blonde,Triple,"9,50%",36,Belgique,"La Westmalle Tripel est une bière trappiste à la robe d'un blond doré et limpide, qui surprend par l'arôme fruité de bananes mûres et un nez houblonné subtil. Cette bière ample présente de la finesse et de l'élégance, une saveur douce et onctueuse, avec des touches d'amertume soutenues par un arôme fruité. La fin de bouche est délicieusement longue et sèche. La Westmalle Tripel doit son caractère complexe au processus de brassage lent et à la refermentation en bouteille.

La Westmalle Tripel se sert généralement en bouteilles de 33 cl, exactement la contenance du verre correspondant. La Westmalle Tripel se trouve également en bouteilles de 75 cl. Dans les bouteilles plus grandes, la bière refermente différemment : l'arôme fruité est un peu plus doux et plus mûr, et la bière développe une légère touche de vanille.","crudité, salade, légume, poisson, poulet, veau, plat épicé, fast-food, charcuterie, fromage frais, fromage à pâte molle, fromage à pâte dure, fruit, dessert",westmalle-triple.webp,westmalle-triple
Brussels Beer Project,Babylone,Brune,Bread Bitter,"7,00%",55,Belgique,"Avec Babylone, c'est ""Retour vers le futur"" ! Il y a 7000 ans, à Babylone, les gens buvaient un breuvage fermenté. Quelques milliers d'années plus tard, à Bruxelles, nous avons décidé de nous lancer dans ce projet d'économie circulaire, en utilisant du pain frais invendu dans la recette.

Le remplacement de 20% du malt par du pain frais invendu donne à la bière une agréable touche de caramel / grillé. Solidement houblonnée à cru avec du Chinook, elle est bien amère, pas pour les petits-joueurs!

On entend souvent dire qu'une bière, c'est comme 2 tranches de pain - eh bien, avec la Babylone, c'est vraiment vrai !","barbecue, poisson, viande, volaille, porc, gibier, plat mijoté, pizza, charcuterie, fromage persillé, passion, chocolat, tiramisu, caramel",babylone.webp,babylone
Abbaye de Scourmont - Chimay,Chimay Bleue,Brune,Strong Ale,"9,00%",19,Belgique,"La belle robe sombre et chaude et la mousse brun clair compacte de la Chimay Bleue offrent un magnifique spectacle. Cette bière est incontestablement le fruit du mariage divin entre des arômes fruités exubérants et un délicieux chocolat. L'attaque est légèrement sucrée, avant que le caramel crémeux se transforme en un doux moka associé à un vif caractère épicé et, enfin, de développer une délicieuse finale de fruits confits. L'ensemble extrêmement savoureux évolue vers une longue fin de bouche agréable, suscitant sur un sentiment légèrement réconfortant et une sensation de chocolat pur.","barbecue, poisson, viande, volaille, porc, gibier, plat mijoté, pizza, charcuterie, fromage persillé, passion, chocolat, tiramisu, caramel",chimay-bleue.webp,chimay-bleue
Het Anker,Gouden Carolus Whisky Infused,Brune,Strong Ale,"11,70%",15,Belgique,"La Gouden Carolus Imperial Dark a été enrichie par une infusion du whisky Gouden Carolus Single Malt. Avec pour résultat une bière unique : puissante et riche en goût, avec de subtiles touches de vanille, de bois de chêne et de chocolat. Un brassin impérial pour se faire plaisir.","barbecue, poisson, viande, volaille, porc, gibier, plat mijoté, pizza, charcuterie, fromage persillé, passion, chocolat, tiramisu, caramel",gouden-carolus.webp,gouden-carolus
Abbaye de Leffe,Leffe Brune,Brune,Brown Ale,"6,50%",20,Belgique,Leffe Brune est une bière d'abbaye authentique. Sa couleur brun foncé et son goût légèrement sucré sont dus à l'utilisation de malt torréfié foncé qui rend chaque gorgée exceptionnelle.,"barbecue, poisson, viande, volaille, porc, gibier, plat mijoté, pizza, charcuterie, fromage persillé, passion, chocolat, tiramisu, caramel",leffe-brune.webp,leffe-brune
Brasserie Lupulus,Lupulus Brune,Brune,Belgian Strong Ale,"8,50%",20,Belgique,"La Lupulus Brune est une bière légère et onctueuse possédant un très bel équilibre et une aromatique originale.

Elle arbore une robe marron aux reflets brillants surmontée d'une mousse beige crémeuse. Au nez, elle dévoile un bouquet aromatique complexe composé de notes de malt grillé, d'agrumes, de pain grillé et de caramel. Douce et ronde, elle révèle en bouche de délicieuses saveurs de chocolat et de fruits secs. La finale de cette bière est peu amère.

Une bière originale qui vous séduira à coup sûr.","barbecue, poisson, viande, volaille, porc, gibier, plat mijoté, pizza, charcuterie, fromage persillé, passion, chocolat, tiramisu, caramel",lupulus-brune.webp,lupulus-brune
Peak Beer,Peak Brune,Brune,Double,"8,50%",22,Belgique,"Bière double d'altitude, la Peak Brune est la bière du brasseur par excellence. Pas d'épice, pas de chichi mais un mélange savant de cinq malts sélectionnés pour ouvrir vos papilles vers un équilibre entre douceur et notes torréfiées, biscuitées et caramel. Elle peut révéler ses talents lorsqu'elle est accompagnée d'un fromage affiné.","barbecue, poisson, viande, volaille, porc, gibier, plat mijoté, pizza, charcuterie, fromage persillé, passion, chocolat, tiramisu, caramel",peak-brune.webp,peak-brune
Abbaye de Westmalle,Westmalle Dubbel,Brune,Double,"10,00%",29,Belgique,"La Westmalle Dubbel, à la robe rouge-brun foncé, doit sa saveur riche et complexe à la refermentation en bouteille. On y perçoit des notes de caramel, de malt et d'esters de fruits qui font penser à la banane mûre. La bière perle joliment sous un col de mousse dense de couleur crème, qui laisse sur le verre un beau tracé en dentelle. La fin de bouche longue et sèche de cette bière trappiste équilibrée et douce enchante durablement les papilles.","barbecue, poisson, viande, volaille, porc, gibier, plat mijoté, pizza, charcuterie, fromage persillé, passion, chocolat, tiramisu, caramel",westmalle-dubbel.webp,westmalle-dubbel
Brasserie-Ferme de Bertinchamps,Bertinchamps Pamplemousse,Fruitée,Pale Ale,"5,00%",28,Belgique,"Bière rafraîchissante, aux extraits naturels de pamplemousse et touche de gingembre.
Bon équilibre entre la douceur du fruit et l'amertume du houblon.","crudité, légume, poisson, plat mijoté, gibier, fast-food, fromage frais, fromage à pâte molle, fruit",bertinchamps-pamplemousse.webp,bertinchamps-pamplemousse
Brasserie d'Achouffe,Cherry Chouffe,Fruitée,Fruit Beer,"8,00%",10,Belgique,"L’arôme de Cherry Chouffe fait la part belle aux griottes. Elle laisse également s’échapper des notes de fraise, d’amande, d’épices et de Porto doux. Pleine de rondeur, douce et délicate, la Cherry CHOUFFE ravit les plus gourmands d’entre nous. Sa fin de bouche est réconfortante avec une très légère amertume.","crudité, légume, poisson, plat mijoté, gibier, fast-food, fromage frais, fromage à pâte molle, fruit",cherry-chouffe.webp,cherry-chouffe
Brasserie Saint-Feuillien,Grisette Fruits des Bois,Fruitée,Fruit Beer,"3,50%",18,Belgique,"Cette bière est une bière légère de haute fermentation, brassée à base de malt de froment, cette bière fruitée, conçue à la Brasserie Saint Feuillien, est dotée d’un nom évocateur… Sa particularité, être brassée avec un quart de jus de fruits des bois naturel. Sa robe rouge profonde, aux reflets violets, possède un chapeau légèrement rosé. Sa bouche gourmande et crémeuse dévoile des arômes de fruits des bois, tels que les baies, les mûres et autres framboises sauvages.
Bien équilibré, cette bière est à la fruitées sans être trop sucrée. Un régal !","crudité, légume, poisson, plat mijoté, gibier, fast-food, fromage frais, fromage à pâte molle, fruit",grisette-fruits-des-bois.webp,grisette-fruits-des-bois
Brasserie Lindemans,Kriek,Fruitée,Lambic,"3,50%",18,Belgique,"Afin d’obtenir une bière à nulle autre pareille, nous ajoutons depuis des générations des griottes entières à notre lambic.

Notre rencontre avec l’importateur américain Charles Finkel, dans les années 1970, révolutionna le segment de la bière fruitée. Charles nous persuada d’exporter par bateau notre Kriek à l’ancienne vers les Etats-Unis. Ce à quoi nous n’avions pas pensé, c’est que le mouvement de la houle allait réactiver la fermentation et faire sauter les bouchons lors du voyage. Une vraie scène de Tintin. Pour éviter cela, nous avons donc mis au point une méthode de production alternative pour notre kriek. Nous utilisons un filtrat de griottes fraîches, non concentré et non-sucré. Nous mélangeons celui-ci à du lambic d'au moins un an, laissons fermenter à nouveau et macérer pendant 3 jours maximum avant de pasteuriser le tout. Ainsi, pas de bouchons qui sautent.

Du fait de l'utilisation de filtrat de fruit et de sa pasteurisation, cette kriek a un goût plus doux et fruité que celui de la Kriek à l'ancienne Cuvée René avec refermentation en bouteille. Grâce à sa saveur novatrice, elle a remporté un succès éclatant tant chez nous qu'à l'étranger. De nos jours, c’est sans doute la kriek considérée comme la référence ultime par les consommateurs.","crudité, légume, poisson, plat mijoté, gibier, fast-food, fromage frais, fromage à pâte molle, fruit",kriek.webp,kriek
Abbaye de Leffe,Leffe Ruby,Fruitée,Fruit Beer,"5,00%",10,Belgique,"Leffe Ruby est la première bière d'abbaye à être associée à des fruits rouges. Elle est légère, douce et très aromatique, avec une saveur rafraîchissante et légèrement épicée. Les notes subtiles de bois de rose en font une bière parfaitement équilibrée.","crudité, légume, poisson, plat mijoté, gibier, fast-food, fromage frais, fromage à pâte molle, fruit",leffe-ruby.webp,leffe-ruby
Peak Beer,Peak Myrtille,Fruitée,Fruit Beer,"4,50%",20,Belgique,La Peak Myrtille brassée avec le fruit des Hautes Fagnes est comme le goûter de Bonne-Maman : tout le monde l'adore. Sa légère acidité et sa couleur sombre en font une bière fuitée mais sèche qui vous emmènera dans le mystère des sous-bois des Hautes Fagnes.,"crudité, légume, poisson, plat mijoté, gibier, fast-food, fromage frais, fromage à pâte molle, fruit",peak-myrtille.webp,peak-myrtille
Brasserie Lindemans,Pêcheresse,Fruitée,Lambic,"2,50%",12,Belgique,"Vous vous en doutez, la Pecheresse est une bière lambic enrichi de jus de pêche. Cette bière fruitée n’est pas un péché. Au contraire, elle se boit agréablement avant ou après la messe. Et aussi pendant, sur une terrasse ensoleillée. Personnellement, je la déguste entre copines. Et ce que nous nous racontons alors ne vous regarde pas.","crudité, légume, poisson, plat mijoté, gibier, fast-food, fromage frais, fromage à pâte molle, fruit",pecheresse.webp,pecheresse
NovaBirra,Big Mama,Noire,Belgian Cacao Stout,"8,00%",42,Belgique,Big Mama est brassée à partir de 5 sortes de malt d’orge et une partie de malt de seigle en combinaison avec des fleurs de houblon Summit et Willamette. Elle est ensuite infusée à froid avec des houblons américains et du grué de cacao originaire de Madagascar. BIG MAMA se bonifiera au cours de la première année de garde en développant des arômes délicats de chocolat balancés par une amertume modérée. Nous recommandons de la déguster à température de cave.,"crustacé, volaille, agneau, gibier, plat mijoté, fromage persillé, fruit rouge, noix de coco, amande, spéculoos, tiramisu",big-mama.webp,big-mama
Vivat,Biscuit Du Cambrésis,Noire,Porter,"6,50%",35,France,"Voici une Porter douce et légère ! Au nez, on démarre la dégustation sur des notes crémeuses et chocolatées. Le caramel et les fruits confits s’invitent également à ce rendez-vous gourmand. En bouche, le palais est très doux avec des saveurs de chocolat au lait, de caramel et de malt toasté. Le caramel et le malt restent présents jusqu’en fin de dégustation.","crustacé, volaille, agneau, gibier, plat mijoté, fromage persillé, fruit rouge, noix de coco, amande, spéculoos, tiramisu",biscuit-cambresis.webp,biscuit-cambresis
Brussels Beer Project,Dark Sister,Noire,Belgian Black IPA,"6,66%",45,Belgique,"Comme beaucoup d'autres bières, l'idée derrière cette bière a commencé par une blague. À l'hiver 2013, nous cherchions à faire une bière de Noël sans les herbes classiques et la forte teneur en alcool.

Nous avons créé la ""soeur maléfique"" de la Delta avec une variété de malts torréfiés et grillés pour assombrir son âme. La réaction de la communauté a été claire : nous ne pouvions plus nous arrêter de fabriquer cette bière. La Vox Populi a choisi et la bière a ressuscité des morts plusieurs fois !","crustacé, volaille, agneau, gibier, plat mijoté, fromage persillé, fruit rouge, noix de coco, amande, spéculoos, tiramisu",dark-sister.webp,dark-sister
Ribella,Inferna,Noire,Stout,"7,00%",30,France,"Un Stout fumé absolument incroyable : Ribella a réuni dans ce flacon du piment de Cayenne, du gingembre du Sri Lanka et de l'Erba Tabaccu (un tabac Corse cultivé, séché puis fermenté sur l'Île de Beauté). Vraiment ronde en bouche, cette merveille de bière torréfiée et fumée réinvente les frontières des Stouts. Bonne nouvelle : tous ses ingrédients sont issus de l'agriculture biologique !","crustacé, volaille, agneau, gibier, plat mijoté, fromage persillé, fruit rouge, noix de coco, amande, spéculoos, tiramisu",inferna.webp,inferna
Peak Beer,Peak Winter,Noire,Winter Ale,"9,00%",22,Belgique,"L’hiver arrive et avec lui la nouvelle Peak Winter, plus foncée, plus forte, plus robuste ! Avec sa douceur et ses 9% d’alcool, elle va égayer et réchauffer vos soirées au coin du feu. Elle sera vendue en stock limité pendant la période hivernale.","crustacé, volaille, agneau, gibier, plat mijoté, fromage persillé, fruit rouge, noix de coco, amande, spéculoos, tiramisu",peak-winter.webp,peak-winter
Brasserie Saint-Feuillien,Saint-Feuillien Quadruple,Noire,Triple,"11,00%",20,Belgique,La St-Feuillien Quadruple est une bière brune très foncée et très dense. Elle est sensiblement alcoolique. Elle se distingue par un arôme complexe et finement caramélisé avec des nuances de vin de Madère et de fruits confits ainsi qu’une touche intense d’esters de fermentation (arôme fruité type banane). Une légère odeur houblonnée (style anglais) complète l’ensemble. La bouche est longue et puissante avec un corps puissant bâti sur la densité et l’extrait apparent généreux. L’amertume est bien présente mais douce et se marie harmonieusement avec la structure maltée. La sélection de malts spéciaux relève le côté chocolaté mêlé à des nuances de noix de coco. La saturation est moyenne.,"crustacé, volaille, agneau, gibier, plat mijoté, fromage persillé, fruit rouge, noix de coco, amande, spéculoos, tiramisu",st-feuillien-quadruple.webp,st-feuillien-quadruple
Lancelot,Telenn Du,Noire,Lager,"4,50%",20,France,"Nez original porté sur les arômes de blé noir : on sent le sarrasin immédiatement, la cendre, le café grillée. La bouche est, bien que riche en parfums, d’une densité délicate. Elle s’exprime sur le grillé légèrement amer comme le cacao, des touches de malt, un peu de noix. Elle est incroyablement fluide et digeste, on l’imagine complètement avec une galette typiquement bretonne !","crustacé, volaille, agneau, gibier, plat mijoté, fromage persillé, fruit rouge, noix de coco, amande, spéculoos, tiramisu",telenn-du.webp,telenn-du